time,gro1,gro2,gro3,gro4,v1,v2,v3,k0x,k0y,k0z,k1x,k1y,k1z,k2x,k2y,k2z,k3x,k3y,k3z,k4x,k4y,k4z,k5x,k5y,k5z,k6x,k6y,k6z,k7x,k7y,k7z,k8x,k8y,k8z,k9x,k9y,k9z,k10x,k10y,k10z,k11x,k11y,k11z,k12x,k12y,k12z,k13x,k13y,k13z,k14x,k14y,k14z,k15x,k15y,k15z,k16x,k16y,k6z,k17x,k17y,k17z,k18x,k18y,k18z,k19x,k19y,k19z,k20x,k20y,k20z,k21x,k21y,k21z,k22x,k22y,k22z,k23x,k23y,k23z,k24x,k24y,k24z,k25x,k25y,k25z,k26x,k26y,k26z,k27x,k27y,k27z,k28x,k28y,k28z,k29x,k29y,k29z,k30x,k30y,k30z,k31x,k31y,k31z,k32x,k32y,k32z,k33x,k33y,k33z
" 2022, 7, 4, 11, 12, 30, 982000",-0.00971,0.99776,-0.04258,0.05069,0.00000,0.00000,0.00000,-2.59662,0.79800,1.34598,-2.59387,0.61555,1.36173,-2.59111,0.43310,1.37747,-2.58828,0.25066,1.39325,-2.54274,0.25176,1.39785,-2.38597,0.25556,1.41365,-2.38978,0.49948,1.53797,-2.39386,0.73156,1.66218,-2.39467,0.77798,1.68702,-2.39630,0.87081,1.73670,-2.45848,0.82582,1.70713,-2.63382,0.24955,1.38866,-2.79059,0.24575,1.37285,-2.79261,0.51895,1.35491,-2.79475,0.78176,1.33954,-2.79518,0.83432,1.33646,-2.79604,0.93945,1.33031,-2.73275,0.88777,1.33977,-2.49716,0.80037,1.35602,-2.50100,1.24925,1.32458,-2.50626,1.64909,1.31462,-2.49543,1.74624,1.19279,-2.69609,0.79563,1.33595,-2.69994,1.24452,1.30451,-2.70519,1.64436,1.29456,-2.69436,1.74150,1.17272,-2.58244,0.11703,1.42452,-2.57937,0.02727,1.44240,-2.55331,0.00333,1.45844,-2.54497,0.05090,1.55511,-2.60358,-0.00265,1.43709,-2.68741,0.03397,1.49462,-2.51162,1.74999,1.35192,-2.71056,1.74525,1.33185
" 2022, 7, 4, 11, 12, 31, 82000",-0.06807,0.86230,0.02053,0.50137,2.69171,0.00057,-0.63807,-2.30340,0.77512,1.26437,-2.27813,0.59382,1.27039,-2.25286,0.41252,1.27641,-2.22748,0.23125,1.28259,-2.20514,0.23573,1.32231,-2.14192,0.24842,1.43471,-2.17941,0.48507,1.43508,-2.21813,0.71218,1.43703,-2.22587,0.75760,1.43742,-2.24136,0.84844,1.43820,-2.26138,0.79869,1.39018,-2.24981,0.22676,1.24288,-2.31303,0.21407,1.13047,-2.33489,0.45267,1.13223,-2.34626,0.68275,1.12841,-2.34854,0.72876,1.12765,-2.35309,0.82079,1.12612,-2.32351,0.77692,1.17492,-2.25460,0.78480,1.35112,-2.29285,1.23317,1.35244,-2.31634,1.63245,1.34762,-2.21810,1.73767,1.28700,-2.35220,0.76544,1.17763,-2.39045,1.21381,1.17895,-2.41394,1.61308,1.17412,-2.31570,1.71831,1.11351,-2.19683,0.09737,1.28483,-2.17718,0.00864,1.27353,-2.15921,-0.01845,1.29481,-2.22286,-0.01531,1.38208,-2.18335,-0.01750,1.24546,-2.29125,-0.01264,1.24226,-2.35692,1.73046,1.36622,-2.45452,1.71110,1.19272
" 2022, 7, 4, 11, 12, 31, 215000",-0.04008,0.79878,-0.00741,0.60024,2.34727,-0.00045,-0.49736,-2.09211,0.78781,1.25901,-2.08201,0.60527,1.26999,-2.07191,0.42273,1.28097,-2.06174,0.24020,1.29209,-2.04910,0.24358,1.33597,-2.02058,0.25119,1.43494,-1.99312,0.45338,1.42011,-1.96542,0.64758,1.40550,-1.95988,0.68643,1.40258,-1.94879,0.76411,1.39673,-1.96707,0.72366,1.35422,-2.07439,0.23682,1.24821,-2.10291,0.22921,1.14924,-2.09799,0.43357,1.14111,-2.09387,0.63009,1.13347,-2.09305,0.66939,1.13194,-2.09141,0.74800,1.12888,-2.07922,0.71019,1.17577,-2.06449,0.79510,1.35485,-2.08208,1.24425,1.33341,-2.09684,1.64351,1.31411,-1.98530,1.74596,1.27587,-2.11973,0.78052,1.16318,-2.13732,1.22966,1.14175,-2.15208,1.62892,1.12244,-2.04054,1.73138,1.08420,-2.03963,0.10512,1.30357,-2.02598,0.01457,1.30320,-2.01857,-0.01221,1.33036,-2.10649,0.00207,1.39155,-2.02519,-0.01299,1.27582,-2.12522,-0.00013,1.23702,-2.13893,1.74244,1.32042,-2.19417,1.72785,1.12875
" 2022, 7, 4, 11, 12, 31, 315000",-0.02906,0.79991,-0.00999,0.59932,2.01120,-0.00093,-0.29265,-1.97743,0.79630,1.29812,-1.97111,0.61350,1.30743,-1.96479,0.43069,1.31674,-1.95843,0.24789,1.32611,-1.94562,0.25059,1.36998,-1.91758,0.25648,1.46595,-1.90752,0.45407,1.43518,-1.89742,0.64402,1.40547,-1.89540,0.68201,1.39953,-1.89136,0.75799,1.38765,-1.90654,0.71384,1.34973,-1.97125,0.24520,1.28223,-1.99929,0.23931,1.18626,-1.96916,0.43721,1.19007,-1.94400,0.62803,1.19481,-1.93897,0.66619,1.19576,-1.92891,0.74251,1.19765,-1.92174,0.70164,1.24119,-1.94944,0.80215,1.39394,-1.96307,1.25152,1.37467,-1.97530,1.65097,1.35756,-1.86322,1.75291,1.31953,-2.00542,0.79045,1.20230,-2.01906,1.23983,1.18302,-2.03129,1.63928,1.16592,-1.91921,1.74122,1.12788,-1.93927,0.11261,1.34020,-1.92757,0.02186,1.34383,-1.92166,-0.00397,1.37225,-2.01123,0.01451,1.42980,-1.92647,-0.00677,1.31759,-2.02485,0.00656,1.27493,-2.01673,1.75014,1.36454,-2.07272,1.73844,1.17290
" 2022, 7, 4, 11, 12, 31, 398000",-0.02548,0.76337,-0.00422,0.64544,1.75821,-0.00082,-0.10898,-1.89362,0.81128,1.34977,-1.88750,0.62838,1.35697,-1.88137,0.44547,1.36418,-1.87522,0.26257,1.37146,-1.86764,0.26462,1.41657,-1.85124,0.26906,1.51420,-1.83737,0.46632,1.49437,-1.82399,0.65599,1.47530,-1.82131,0.69392,1.47149,-1.81596,0.76979,1.46386,-1.82649,0.72789,1.42267,-1.88280,0.26052,1.32636,-1.89920,0.25608,1.22873,-1.87304,0.45306,1.23150,-1.84993,0.64273,1.23449,-1.84531,0.68066,1.23509,-1.83606,0.75653,1.23629,-1.83356,0.71701,1.28097,-1.87707,0.81571,1.44829,-1.88982,1.26532,1.43458,-1.89848,1.66503,1.42194,-1.78234,1.76689,1.39881,-1.91018,0.80685,1.25125,-1.92292,1.25646,1.23754,-1.93159,1.65616,1.22490,-1.81544,1.75802,1.20177,-1.85676,0.12703,1.38396,-1.84459,0.03633,1.38746,-1.84123,0.01014,1.41596,-1.93617,0.02703,1.46474,-1.84066,0.00811,1.36105,-1.93454,0.02126,1.30918,-1.94009,1.76431,1.42543,-1.97319,1.75544,1.22839
" 2022, 7, 4, 11, 12, 31, 482000",-0.03185,0.75296,-0.00556,0.65727,1.56508,-0.00138,0.04400,-1.83487,0.81838,1.40090,-1.82742,0.63562,1.41010,-1.81998,0.45285,1.41931,-1.81250,0.27009,1.42861,-1.80637,0.27265,1.47392,-1.79315,0.27816,1.57159,-1.78094,0.47487,1.55200,-1.76902,0.66401,1.53314,-1.76663,0.70183,1.52937,-1.76186,0.77748,1.52183,-1.77057,0.73556,1.48052,-1.81863,0.26753,1.38331,-1.83186,0.26202,1.28564,-1.81284,0.45889,1.27529,-1.79619,0.64836,1.26555,-1.79286,0.68625,1.26361,-1.78620,0.76203,1.25971,-1.78348,0.72594,1.30693,-1.82147,0.82391,1.49984,-1.83598,1.27336,1.48293,-1.84611,1.67293,1.46751,-1.72977,1.77521,1.44742,-1.84826,0.81285,1.30196,-1.86277,1.26230,1.28504,-1.87290,1.66187,1.26963,-1.75656,1.76415,1.24954,-1.79280,0.13478,1.44168,-1.78008,0.04422,1.44654,-1.77683,0.01845,1.47543,-1.87236,0.03536,1.52302,-1.77569,0.01566,1.42057,-1.86912,0.02747,1.36758,-1.88827,1.77203,1.46907,-1.91506,1.76097,1.27119
" 2022, 7, 4, 11, 12, 31, 582000",-0.04310,0.75923,-0.01145,0.64928,1.41718,-0.00122,0.15740,-1.76665,0.81944,1.45253,-1.75739,0.63702,1.46596,-1.74812,0.45459,1.47940,-1.73882,0.27219,1.49301,-1.73181,0.27591,1.53810,-1.71669,0.28394,1.63535,-1.69771,0.48009,1.61503,-1.67912,0.66867,1.59545,-1.67540,0.70638,1.59153,-1.66797,0.78181,1.58369,-1.67878,0.74013,1.54262,-1.74583,0.26847,1.44791,-1.76094,0.26044,1.35066,-1.75064,0.45714,1.32935,-1.74266,0.64640,1.30915,-1.74106,0.68425,1.30511,-1.73787,0.75995,1.29703,-1.73242,0.72660,1.34602,-1.75133,0.82747,1.55102,-1.76780,1.27655,1.52760,-1.78015,1.67580,1.50643,-1.66473,1.77829,1.48247,-1.78196,0.81140,1.35404,-1.79843,1.26049,1.33062,-1.81078,1.65974,1.30944,-1.69536,1.76223,1.28548,-1.71625,0.13761,1.50872,-1.70260,0.04742,1.51681,-1.69797,0.02289,1.54659,-1.79162,0.04117,1.59731,-1.69904,0.01783,1.49189,-1.79465,0.02681,1.44233,-1.82275,1.77472,1.50735,-1.85338,1.75866,1.31036
" 2022, 7, 4, 11, 12, 31, 698000",-0.03553,0.76396,-0.00204,0.64428,1.23798,-0.00141,0.29160,-1.69346,0.81793,1.54231,-1.68400,0.63524,1.55126,-1.67454,0.45256,1.56022,-1.66504,0.26988,1.56927,-1.65738,0.27251,1.61434,-1.64062,0.27827,1.71297,-1.58897,0.46895,1.74289,-1.51926,0.64611,1.76869,-1.50532,0.68154,1.77385,-1.47743,0.75240,1.78417,-1.49554,0.72519,1.73383,-1.67270,0.26725,1.52420,-1.68946,0.26149,1.42557,-1.69239,0.45933,1.39779,-1.69641,0.64957,1.37129,-1.69721,0.68762,1.36599,-1.69882,0.76372,1.35539,-1.69032,0.73210,1.40569,-1.67673,0.82362,1.64073,-1.69461,1.27295,1.62411,-1.70799,1.67244,1.60890,-1.59311,1.77550,1.58481,-1.71019,0.81224,1.44388,-1.72807,1.26157,1.42726,-1.74145,1.66106,1.41205,-1.62656,1.76412,1.38796,-1.64044,0.13526,1.58111,-1.62641,0.04502,1.58794,-1.62055,0.02028,1.61731,-1.71208,0.03805,1.67194,-1.62384,0.01563,1.56266,-1.72138,0.02488,1.51710,-1.75074,1.77125,1.61186,-1.78420,1.75987,1.41501
" 2022, 7, 4, 11, 12, 31, 798000",-0.03834,0.77644,0.01371,0.62888,1.13958,-0.00126,0.35563,-1.65277,0.81766,1.60694,-1.63871,0.63512,1.61187,-1.62465,0.45257,1.61680,-1.61052,0.27004,1.62183,-1.60109,0.27200,1.66659,-1.57958,0.27648,1.76863,-1.51778,0.46151,1.82868,-1.41831,0.62336,1.87797,-1.39841,0.65573,1.88782,-1.35862,0.72047,1.90754,-1.38169,0.70357,1.85330,-1.61996,0.26808,1.57707,-1.64146,0.26360,1.47503,-1.65838,0.46442,1.44263,-1.66770,0.65774,1.41003,-1.66957,0.69640,1.40351,-1.67330,0.77373,1.39048,-1.66225,0.74317,1.44248,-1.63216,0.82189,1.70470,-1.65820,1.27104,1.69573,-1.67857,1.67043,1.68717,-1.56641,1.77572,1.66007,-1.67338,0.81343,1.50918,-1.69941,1.26258,1.50021,-1.71979,1.66197,1.49165,-1.60763,1.76726,1.46454,-1.58064,0.13613,1.62841,-1.56441,0.04611,1.63282,-1.55620,0.02104,1.66134,-1.64438,0.03605,1.72197,-1.56288,0.01717,1.60694,-1.66331,0.02510,1.56784,-1.72274,1.76846,1.69335,-1.76396,1.76000,1.49783
" 2022, 7, 4, 11, 12, 31, 882000",-0.04202,0.78866,0.03118,0.61260,1.06726,-0.00162,0.39216,-1.61871,0.83699,1.65308,-1.59957,0.65484,1.65350,-1.58044,0.47270,1.65392,-1.56122,0.29056,1.65439,-1.54996,0.29186,1.69876,-1.52324,0.29496,1.80406,-1.47390,0.47500,1.90061,-1.39123,0.63947,1.98400,-1.37470,0.67237,2.00067,-1.34163,0.73816,2.03403,-1.36353,0.72918,1.97550,-1.57247,0.28926,1.61003,-1.59920,0.28616,1.50473,-1.62007,0.49249,1.47062,-1.62771,0.69123,1.43478,-1.62924,0.73098,1.42761,-1.63230,0.81047,1.41328,-1.61970,0.77952,1.46684,-1.59412,0.83980,1.74997,-1.62656,1.28862,1.74998,-1.65230,1.68779,1.74921,-1.54270,1.79501,1.71933,-1.64330,0.83418,1.55619,-1.67575,1.28301,1.55621,-1.70148,1.68218,1.55543,-1.59188,1.78939,1.52556,-1.52590,0.15782,1.65536,-1.50723,0.06818,1.65697,-1.49667,0.04281,1.68443,-1.58127,0.05445,1.75064,-1.50660,0.03977,1.63048,-1.60941,0.04584,1.59777,-1.69741,1.78511,1.75890,-1.74660,1.77950,1.56513
" 2022, 7, 4, 11, 12, 32, 15000",-0.04367,0.77842,0.02810,0.62559,1.01328,-0.00117,0.37630,-1.49310,0.87359,1.64363,-1.47421,0.69143,1.64562,-1.45532,0.50927,1.64762,-1.43635,0.32712,1.64969,-1.42658,0.32864,1.69440,-1.40182,0.33251,1.80768,-1.36407,0.50193,1.95123,-1.28301,0.65809,2.07755,-1.26680,0.68932,2.10281,-1.23437,0.75178,2.15333,-1.25563,0.75464,2.08916,-1.44612,0.32559,1.60498,-1.47088,0.32172,1.49170,-1.47282,0.54363,1.45310,-1.47966,0.75709,1.41708,-1.48103,0.79979,1.40987,-1.48377,0.88517,1.39547,-1.47117,0.85127,1.45266,-1.47176,0.87688,1.74127,-1.50259,1.32581,1.73855,-1.52689,1.72505,1.73545,-1.41598,1.83179,1.70885,-1.51445,0.87031,1.54599,-1.54528,1.31924,1.54327,-1.56958,1.71849,1.54017,-1.45868,1.82522,1.51357,-1.40157,0.19425,1.65211,-1.38411,0.10440,1.65481,-1.37398,0.07920,1.68260,-1.45865,0.09273,1.74837,-1.38377,0.07568,1.62864,-1.48638,0.08275,1.59551,-1.57196,1.82256,1.74328,-1.61466,1.81599,1.54800
" 2022, 7, 4, 11, 12, 32, 115000",-0.04197,0.76079,0.01768,0.64740,1.00158,-0.00141,0.32861,-1.37977,0.87865,1.62039,-1.36388,0.69626,1.62541,-1.34799,0.51387,1.63044,-1.33204,0.33149,1.63558,-1.32479,0.33339,1.68075,-1.30617,0.33830,1.79685,-1.28503,0.54028,1.90470,-1.20644,0.72498,1.99743,-1.19073,0.76192,2.01598,-1.15930,0.83580,2.05307,-1.17963,0.82413,1.98809,-1.33928,0.32958,1.59041,-1.35790,0.32468,1.47431,-1.35427,0.55244,1.44295,-1.35463,0.77157,1.41341,-1.35470,0.81539,1.40751,-1.35485,0.90304,1.39569,-1.34619,0.86622,1.45350,-1.36395,0.88274,1.71904,-1.39211,1.33175,1.70929,-1.41415,1.73104,1.70013,-1.30137,1.83695,1.67861,-1.39559,0.87455,1.52173,-1.42375,1.32356,1.51198,-1.44579,1.72284,1.50282,-1.33301,1.82875,1.48130,-1.29862,0.19830,1.63900,-1.28079,0.10850,1.64122,-1.27107,0.08310,1.66896,-1.35706,0.09563,1.73320,-1.27980,0.08003,1.61480,-1.38179,0.08692,1.57975,-1.45909,1.82883,1.70425,-1.49073,1.82064,1.50695
" 2022, 7, 4, 11, 12, 32, 198000",-0.03405,0.76599,0.01291,0.64182,0.99669,-0.00116,0.26806,-1.27699,0.88136,1.58654,-1.26440,0.69869,1.59093,-1.25181,0.51603,1.59531,-1.23918,0.33337,1.59975,-1.23122,0.33502,1.64481,-1.21077,0.33925,1.76060,-1.19187,0.56762,1.77985,-1.11685,0.77537,1.79027,-1.10184,0.81691,1.79235,-1.07183,0.90001,1.79651,-1.09328,0.86342,1.74199,-1.24714,0.33172,1.55469,-1.26758,0.32750,1.43891,-1.25632,0.55611,1.41674,-1.24709,0.77604,1.39571,-1.24525,0.82002,1.39150,-1.24156,0.90799,1.38309,-1.23404,0.86859,1.43933,-1.25960,0.88492,1.68496,-1.28377,1.33418,1.67639,-1.30258,1.73366,1.66830,-1.18926,1.83866,1.64524,-1.29437,0.87780,1.48813,-1.31853,1.32706,1.47957,-1.33735,1.72654,1.47148,-1.22402,1.83154,1.44842,-1.20773,0.19969,1.60290,-1.19019,0.10983,1.60454,-1.17998,0.08433,1.63202,-1.26454,0.09703,1.69810,-1.18987,0.08141,1.57805,-1.29255,0.08877,1.54519,-1.34663,1.83181,1.67330,-1.38139,1.82470,1.47647
" 2022, 7, 4, 11, 12, 32, 282000",-0.03164,0.77762,-0.00051,0.62793,0.98440,-0.00112,0.22100,-1.19212,0.86418,1.56332,-1.18323,0.68140,1.57074,-1.17433,0.49862,1.57816,-1.16540,0.31584,1.58569,-1.15581,0.31815,1.63040,-1.13131,0.32405,1.74466,-1.08970,0.54341,1.69478,-0.98804,0.72982,1.63726,-0.96771,0.76710,1.62576,-0.92704,0.84166,1.60275,-0.95894,0.79506,1.56360,-1.17499,0.31353,1.54097,-1.19948,0.30763,1.42672,-1.18178,0.53512,1.41022,-1.16659,0.75403,1.39474,-1.16356,0.79781,1.39165,-1.15748,0.88537,1.38546,-1.14946,0.84447,1.44010,-1.17118,0.86917,1.66097,-1.18948,1.31856,1.64649,-1.20340,1.71809,1.63311,-1.08962,1.82121,1.60445,-1.21306,0.85920,1.46566,-1.23136,1.30859,1.45118,-1.24528,1.70812,1.43780,-1.13150,1.81124,1.40914,-1.13550,0.18186,1.59056,-1.11772,0.09205,1.59269,-1.10679,0.06686,1.62018,-1.18977,0.08006,1.68813,-1.11797,0.06337,1.56649,-1.22142,0.07017,1.53603,-1.24596,1.81690,1.63820,-1.28784,1.80692,1.44289
" 2022, 7, 4, 11, 12, 32, 382000",-0.03346,0.80169,-0.02188,0.59639,0.97455,-0.00100,0.17241,-1.09816,0.85710,1.53836,-1.09312,0.67454,1.55210,-1.08807,0.49198,1.56583,-1.08298,0.30942,1.57971,-1.06987,0.31311,1.62342,-1.03653,0.32249,1.73455,-0.98448,0.51914,1.63150,-0.87357,0.67276,1.52115,-0.85139,0.70349,1.49908,-0.80703,0.76494,1.45493,-0.84845,0.71557,1.43171,-1.09609,0.30574,1.53599,-1.12943,0.29636,1.42486,-1.11465,0.52299,1.40428,-1.10280,0.74110,1.38519,-1.10043,0.78473,1.38137,-1.09568,0.87197,1.37374,-1.08302,0.83193,1.42786,-1.06952,0.86508,1.63384,-1.07845,1.31427,1.60845,-1.08471,1.71355,1.58537,-0.97134,1.81318,1.54513,-1.12680,0.84913,1.44288,-1.13573,1.29832,1.41749,-1.14199,1.69760,1.39441,-1.02861,1.79723,1.35417,-1.05698,0.17478,1.58774,-1.04089,0.08470,1.59130,-1.02878,0.06002,1.61875,-1.10710,0.07682,1.69129,-1.04333,0.05534,1.56597,-1.14833,0.06355,1.54176,-1.12459,1.81344,1.59109,-1.18187,1.79749,1.40014
" 2022, 7, 4, 11, 12, 32, 498000",-0.03344,0.83488,-0.02282,0.54893,0.95838,-0.00089,0.11600,-1.00921,0.86495,1.54429,-1.00357,0.68240,1.55800,-0.99794,0.49985,1.57170,-0.99223,0.31732,1.58558,-0.97414,0.32107,1.62748,-0.92817,0.33060,1.73392,-0.88605,0.52943,1.63096,-0.78920,0.68788,1.51476,-0.76983,0.71957,1.49152,-0.73108,0.78295,1.44503,-0.77399,0.73366,1.42467,-1.01032,0.31357,1.54369,-1.05628,0.30403,1.43724,-1.04859,0.53048,1.41345,-1.04223,0.74831,1.39101,-1.04096,0.79187,1.38652,-1.03841,0.87900,1.37754,-1.01891,0.83978,1.43013,-0.96970,0.87304,1.63580,-0.97966,1.32225,1.61123,-0.98754,1.72155,1.58898,-0.87933,1.82090,1.53587,-1.04872,0.85686,1.45279,-1.05868,1.30608,1.42822,-1.06656,1.70538,1.40596,-0.95835,1.80473,1.35286,-0.96759,0.18230,1.59114,-0.95217,0.09205,1.59309,-0.93729,0.06728,1.61906,-1.00663,0.08506,1.70000,-0.95781,0.06267,1.56830,-1.06478,0.07201,1.55619,-1.02624,1.82154,1.59926,-1.10526,1.80536,1.41625
" 2022, 7, 4, 11, 12, 32, 582000",-0.03775,0.86395,-0.02904,0.50132,0.94519,-0.00093,0.09723,-0.94635,0.87175,1.55197,-0.93974,0.68943,1.56809,-0.93312,0.50711,1.58421,-0.92639,0.32482,1.60057,-0.90375,0.32921,1.64012,-0.84621,0.34035,1.74065,-0.81273,0.53857,1.63347,-0.72641,0.69549,1.50733,-0.70915,0.72687,1.48210,-0.67462,0.78964,1.43165,-0.72009,0.74093,1.41603,-0.94903,0.32044,1.56101,-1.00656,0.30929,1.46048,-1.00857,0.53543,1.43298,-1.01182,0.75295,1.40727,-1.01247,0.79645,1.40213,-1.01377,0.88346,1.39185,-0.98712,0.84570,1.44233,-0.89690,0.88119,1.63837,-0.90782,1.33021,1.61087,-0.91760,1.72934,1.58647,-0.81585,1.82804,1.52085,-0.99580,0.86232,1.46557,-1.00673,1.31134,1.43807,-1.01650,1.71047,1.41366,-0.91475,1.80917,1.34805,-0.90346,0.18955,1.60729,-0.88902,0.09917,1.61028,-0.87170,0.07493,1.63521,-0.93161,0.09609,1.72262,-0.89768,0.06919,1.58714,-1.00521,0.07982,1.58641,-0.95478,1.82949,1.60021,-1.05368,1.81062,1.42740
" 2022, 7, 4, 11, 12, 32, 682000",-0.05032,0.90121,-0.02031,0.42997,0.93046,-0.00074,0.09449,-0.88771,0.87704,1.58893,-0.87429,0.69497,1.60355,-0.86088,0.51290,1.61818,-0.84724,0.33087,1.63307,-0.81862,0.33591,1.66846,-0.74572,0.34874,1.75859,-0.72162,0.55295,1.66055,-0.64827,0.71594,1.53392,-0.63360,0.74853,1.50860,-0.60426,0.81373,1.45794,-0.65268,0.76699,1.44552,-0.87586,0.32583,1.59769,-0.94876,0.31299,1.50756,-0.97177,0.53791,1.47972,-0.99511,0.75418,1.45394,-0.99978,0.79743,1.44878,-1.00911,0.88393,1.43847,-0.97179,0.84902,1.48398,-0.82519,0.88786,1.66622,-0.84704,1.33671,1.64283,-0.86578,1.73570,1.62148,-0.77720,1.83579,1.54064,-0.95022,0.86623,1.51163,-0.97208,1.31508,1.48824,-0.99082,1.71407,1.46689,-0.90223,1.81416,1.38606,-0.81746,0.19680,1.63582,-0.79860,0.10721,1.63750,-0.77583,0.08432,1.65911,-0.81922,0.10508,1.75588,-0.81005,0.07633,1.61688,-0.91620,0.08243,1.63622,-0.90156,1.83534,1.64131,-1.02659,1.81371,1.48672
" 2022, 7, 4, 11, 12, 32, 815000",-0.05799,0.93668,0.01209,0.34513,0.90675,-0.00086,0.11896,-0.80835,0.87913,1.68815,-0.78693,0.69726,1.69134,-0.76550,0.51540,1.69452,-0.74378,0.33357,1.69790,-0.70922,0.33825,1.72756,-0.62006,0.35033,1.80409,-0.60581,0.57612,1.77782,-0.54796,0.77418,1.70440,-0.53639,0.81379,1.68971,-0.51325,0.89301,1.66034,-0.56386,0.85177,1.63988,-0.77834,0.32890,1.66823,-0.86750,0.31682,1.59170,-0.91980,0.53828,1.58183,-0.95473,0.75278,1.55475,-0.96171,0.79568,1.54933,-0.97568,0.88148,1.53850,-0.93039,0.84916,1.57832,-0.73285,0.88916,1.75295,-0.76748,1.33780,1.74902,-0.79595,1.73674,1.74283,-0.72531,1.84060,1.64997,-0.88386,0.86910,1.62336,-0.91849,1.31774,1.61943,-0.94696,1.71668,1.61323,-0.87632,1.82055,1.52038,-0.70971,0.20088,1.68785,-0.68910,0.11178,1.68320,-0.66209,0.08895,1.69929,-0.68614,0.10620,1.80322,-0.70374,0.08115,1.66432,-0.80416,0.08407,1.70414,-0.82899,1.83509,1.77171,-0.98000,1.81504,1.64212
" 2022, 7, 4, 11, 12, 32, 898000",-0.05962,0.94839,0.01182,0.31121,0.89201,-0.00101,0.13164,-0.75040,0.88257,1.71165,-0.72834,0.70077,1.71434,-0.70628,0.51897,1.71703,-0.68387,0.33722,1.71993,-0.64729,0.34217,1.74702,-0.55093,0.35519,1.81838,-0.53239,0.58213,1.82987,-0.47455,0.78916,1.78689,-0.46298,0.83057,1.77829,-0.43985,0.91339,1.76110,-0.49301,0.87699,1.73786,-0.72045,0.33228,1.69284,-0.81681,0.31926,1.62148,-0.86604,0.53996,1.59238,-0.90786,0.75225,1.55715,-0.91622,0.79471,1.55011,-0.93295,0.87962,1.53602,-0.88410,0.85028,1.57400,-0.67048,0.89314,1.77082,-0.70424,1.34185,1.76704,-0.73250,1.74081,1.76130,-0.66853,1.84419,1.66321,-0.83032,0.87199,1.65248,-0.86408,1.32071,1.64870,-0.89234,1.71966,1.64296,-0.82837,1.82304,1.54487,-0.65004,0.20447,1.70994,-0.63004,0.11516,1.70671,-0.60222,0.09267,1.72186,-0.62008,0.11306,1.82647,-0.64587,0.08407,1.68963,-0.74377,0.08867,1.73514,-0.76324,1.83934,1.79208,-0.92308,1.81819,1.67374
" 2022, 7, 4, 11, 12, 32, 982000",-0.06447,0.96056,0.00564,0.27043,0.86969,-0.00112,0.16015,-0.70701,0.88421,1.72900,-0.68377,0.70260,1.73340,-0.66053,0.52098,1.73780,-0.63684,0.33943,1.74242,-0.59815,0.34509,1.76624,-0.49328,0.36041,1.83079,-0.46015,0.58639,1.84818,-0.39348,0.79223,1.80700,-0.38015,0.83340,1.79877,-0.35348,0.91573,1.78230,-0.41074,0.88317,1.76242,-0.67554,0.33378,1.71861,-0.78040,0.31845,1.65406,-0.83038,0.53924,1.61905,-0.88008,0.75156,1.58807,-0.89002,0.79402,1.58188,-0.90990,0.87895,1.56949,-0.85650,0.85054,1.60228,-0.62247,0.89629,1.78102,-0.65697,1.34492,1.77469,-0.68624,1.74377,1.76677,-0.63098,1.84604,1.66243,-0.79156,0.87213,1.67697,-0.82605,1.32076,1.67064,-0.85532,1.71961,1.66272,-0.80006,1.82188,1.55838,-0.60156,0.20708,1.73206,-0.58054,0.11799,1.72957,-0.55143,0.09623,1.74331,-0.56243,0.11895,1.84838,-0.59705,0.08628,1.71435,-0.69169,0.09075,1.76632,-0.71442,1.84263,1.79891,-0.88350,1.81847,1.69486
" 2022, 7, 4, 11, 12, 33, 82000",-0.07061,0.97300,0.00195,0.21972,0.84309,-0.00087,0.17847,-0.67378,0.88306,1.74030,-0.64845,0.70174,1.74529,-0.62313,0.52042,1.75028,-0.59723,0.33918,1.75550,-0.55634,0.34559,1.77509,-0.44199,0.36351,1.82986,-0.39310,0.58939,1.84432,-0.31766,0.79334,1.79647,-0.30258,0.83413,1.78690,-0.27240,0.91571,1.76776,-0.33389,0.88649,1.75350,-0.63812,0.33278,1.73592,-0.75247,0.31485,1.68115,-0.80551,0.53841,1.65228,-0.85799,0.75338,1.62765,-0.86848,0.79638,1.62272,-0.88947,0.88237,1.61287,-0.83228,0.85329,1.63974,-0.58443,0.89671,1.78309,-0.62111,1.34516,1.77626,-0.65257,1.74383,1.76779,-0.60887,1.84527,1.65733,-0.76312,0.86940,1.69752,-0.79980,1.31785,1.69069,-0.83127,1.71652,1.68222,-0.78757,1.81796,1.57176,-0.55980,0.20756,1.74357,-0.53680,0.11897,1.74053,-0.50612,0.09814,1.75213,-0.50918,0.12212,1.85745,-0.55367,0.08666,1.72709,-0.64388,0.08959,1.78651,-0.67762,1.84291,1.80178,-0.85632,1.81560,1.71621
" 2022, 7, 4, 11, 12, 33, 215000",-0.07913,0.98297,0.00509,0.16576,0.79724,-0.00078,0.17486,-0.65318,0.88660,1.74803,-0.62438,0.70576,1.75100,-0.59558,0.52491,1.75397,-0.56601,0.34419,1.75717,-0.52335,0.35144,1.77212,-0.40032,0.37233,1.81524,-0.35184,0.60046,1.84743,-0.28431,0.81351,1.81144,-0.27081,0.85612,1.80425,-0.24380,0.94135,1.78985,-0.30729,0.91173,1.78020,-0.60868,0.33695,1.74221,-0.73170,0.31606,1.69910,-0.78659,0.54384,1.67602,-0.83954,0.76287,1.65435,-0.85013,0.80667,1.65001,-0.87131,0.89429,1.64134,-0.81107,0.86419,1.66294,-0.55993,0.90199,1.78069,-0.59953,1.35023,1.77761,-0.63385,1.74872,1.77235,-0.60309,1.85024,1.65769,-0.74643,0.87122,1.71536,-0.78603,1.31946,1.71228,-0.82035,1.71795,1.70702,-0.78959,1.81946,1.59235,-0.52684,0.21362,1.74031,-0.50199,0.12572,1.73375,-0.46988,0.10555,1.74218,-0.46390,0.12798,1.84772,-0.51920,0.09316,1.72138,-0.60366,0.09288,1.78880,-0.65555,1.84771,1.80882,-0.84205,1.81694,1.74349
" 2022, 7, 4, 11, 12, 33, 298000",-0.08174,0.98852,0.00662,0.12690,0.76112,-0.00074,0.16104,-0.64837,0.88891,1.74313,-0.61846,0.70822,1.74453,-0.58856,0.52754,1.74593,-0.55781,0.34699,1.74752,-0.51415,0.35453,1.75905,-0.38731,0.37642,1.79256,-0.35968,0.60904,1.82754,-0.31702,0.82996,1.79224,-0.30849,0.87414,1.78518,-0.29143,0.96250,1.77106,-0.35252,0.92646,1.76553,-0.60148,0.33946,1.73599,-0.72831,0.31756,1.70248,-0.78480,0.54683,1.68388,-0.83967,0.76730,1.66813,-0.85065,0.81140,1.66498,-0.87260,0.89959,1.65868,-0.81042,0.86919,1.67518,-0.55293,0.90490,1.76832,-0.59301,1.35311,1.76721,-0.62798,1.75156,1.76369,-0.60640,1.85281,1.64672,-0.74381,0.87291,1.71793,-0.78390,1.32112,1.71682,-0.81886,1.71957,1.71330,-0.79729,1.82082,1.59633,-0.51967,0.21670,1.72663,-0.49499,0.12908,1.71664,-0.46220,0.10897,1.72214,-0.44793,0.12972,1.82723,-0.51297,0.09661,1.70514,-0.59177,0.09470,1.77907,-0.64683,1.85063,1.80151,-0.83771,1.81864,1.75112
" 2022, 7, 4, 11, 12, 33, 382000",-0.08104,0.99315,0.00656,0.08388,0.72034,-0.00072,0.12485,-0.64860,0.88615,1.71495,-0.61891,0.70543,1.71506,-0.58923,0.52470,1.71516,-0.55869,0.34411,1.71537,-0.51418,0.35165,1.72305,-0.38468,0.37358,1.74539,-0.38116,0.60900,1.77728,-0.36664,0.83355,1.73779,-0.36374,0.87847,1.72989,-0.35793,0.96829,1.71409,-0.41494,0.92536,1.71335,-0.60319,0.33658,1.70770,-0.73270,0.31465,1.68536,-0.79046,0.54487,1.67445,-0.84635,0.76623,1.66598,-0.85753,0.81050,1.66428,-0.87989,0.89904,1.66089,-0.81633,0.86833,1.67147,-0.55132,0.90214,1.73172,-0.59101,1.35039,1.73269,-0.62590,1.74886,1.73125,-0.61451,1.84981,1.61260,-0.74587,0.87017,1.69819,-0.78557,1.31841,1.69916,-0.82046,1.71688,1.69772,-0.80906,1.81783,1.57906,-0.52400,0.21349,1.69082,-0.50090,0.12591,1.67737,-0.46783,0.10561,1.67929,-0.44291,0.12502,1.78263,-0.52012,0.09365,1.66737,-0.59106,0.09115,1.74884,-0.64133,1.84803,1.77032,-0.83589,1.81605,1.73679
" 2022, 7, 4, 11, 12, 33, 482000",-0.07850,0.99660,0.00445,0.02444,0.66480,-0.00050,0.09603,-0.67224,0.88412,1.70066,-0.64355,0.70323,1.69974,-0.61485,0.52235,1.69882,-0.58537,0.34159,1.69793,-0.54023,0.34894,1.70019,-0.40871,0.37036,1.70678,-0.42571,0.60688,1.73245,-0.43804,0.83112,1.68598,-0.44050,0.87597,1.67669,-0.44544,0.96567,1.65810,-0.49781,0.91720,1.66446,-0.63051,0.33424,1.69567,-0.76203,0.31282,1.68908,-0.81873,0.54449,1.68658,-0.87330,0.76724,1.68519,-0.88421,0.81179,1.68491,-0.90604,0.90089,1.68436,-0.84173,0.86944,1.68724,-0.57360,0.89974,1.70560,-0.61239,1.34806,1.70748,-0.64678,1.74658,1.70729,-0.64948,1.84666,1.58739,-0.77089,0.86849,1.69572,-0.80968,1.31681,1.69759,-0.84407,1.71533,1.69741,-0.84678,1.81541,1.57751,-0.55587,0.20958,1.67402,-0.53542,0.12145,1.65985,-0.50252,0.10093,1.65745,-0.46248,0.12302,1.75535,-0.55604,0.08910,1.65374,-0.61414,0.08951,1.74486,-0.65734,1.84606,1.74719,-0.85464,1.81481,1.73731
" 2022, 7, 4, 11, 12, 33, 615000",-0.06904,0.99658,0.00775,-0.04461,0.56509,-0.00029,0.04345,-0.71847,0.88685,1.67802,-0.69340,0.70547,1.67407,-0.66832,0.52409,1.67011,-0.64267,0.34279,1.66609,-0.59752,0.34926,1.66207,-0.46534,0.36822,1.65031,-0.50167,0.60456,1.67252,-0.54098,0.82650,1.62238,-0.54884,0.87089,1.61235,-0.56457,0.95967,1.59230,-0.61128,0.90651,1.60632,-0.68782,0.33631,1.67011,-0.82000,0.31735,1.68188,-0.87482,0.55102,1.67417,-0.92726,0.77586,1.66995,-0.93774,0.82082,1.66910,-0.95872,0.91076,1.66742,-0.89447,0.87823,1.66311,-0.61982,0.90068,1.66924,-0.65545,1.34922,1.67554,-0.68726,1.74793,1.67958,-0.70593,1.84796,1.56107,-0.81712,0.87302,1.68681,-0.85275,1.32156,1.69311,-0.88456,1.72027,1.69715,-0.90323,1.82031,1.57864,-0.62403,0.20876,1.64248,-0.60993,0.11963,1.62688,-0.57903,0.09786,1.61793,-0.51765,0.12076,1.70387,-0.63238,0.08792,1.62649,-0.66883,0.09261,1.72811,-0.69164,1.84749,1.72043,-0.88894,1.81983,1.73800
" 2022, 7, 4, 11, 12, 33, 698000",-0.05727,0.99561,0.01440,-0.07261,0.48436,-0.00018,0.00746,-0.77184,0.89559,1.65655,-0.75134,0.71372,1.64978,-0.73083,0.53185,1.64300,-0.70994,0.35002,1.63616,-0.66495,0.35544,1.62961,-0.53260,0.37137,1.61037,-0.56985,0.60824,1.63639,-0.61388,0.83114,1.58991,-0.62268,0.87572,1.58061,-0.64029,0.96488,1.56202,-0.68593,0.91098,1.57820,-0.75493,0.34461,1.64270,-0.88728,0.32868,1.66194,-0.93965,0.56405,1.65653,-0.98960,0.79050,1.65422,-0.99959,0.83580,1.65375,-1.01957,0.92638,1.65283,-0.95580,0.89286,1.64507,-0.67355,0.90720,1.64226,-0.70502,1.35596,1.65361,-0.73332,1.75487,1.66149,-0.75782,1.85572,1.54474,-0.87013,0.88398,1.67084,-0.90160,1.33273,1.68219,-0.92990,1.73165,1.69008,-0.95440,1.83249,1.57333,-0.69957,0.21514,1.61236,-0.69086,0.12533,1.59670,-0.66203,0.10219,1.58476,-0.59070,0.12346,1.66309,-0.71447,0.09458,1.59925,-0.73930,0.10190,1.70417,-0.73459,1.85423,1.70304,-0.93117,1.83101,1.73163
" 2022, 7, 4, 11, 12, 33, 798000",-0.04082,0.99338,0.02895,-0.10340,0.38626,-0.00016,-0.02747,-0.84799,0.89560,1.63606,-0.83423,0.71337,1.62398,-0.82048,0.53114,1.61190,-0.80650,0.34893,1.59974,-0.76185,0.35298,1.59045,-0.62974,0.36495,1.56295,-0.65414,0.60403,1.59276,-0.69062,0.83006,1.55027,-0.69791,0.87526,1.54178,-0.71250,0.96567,1.52478,-0.75970,0.91362,1.54362,-0.85115,0.34489,1.60904,-0.98325,0.33292,1.63653,-1.03243,0.56990,1.64483,-1.07936,0.79777,1.65450,-1.08875,0.84335,1.65643,-1.10752,0.93449,1.66029,-1.04461,0.90042,1.64711,-0.75046,0.90431,1.61575,-0.77343,1.35323,1.63686,-0.79444,1.75236,1.65281,-0.82445,1.85553,1.53944,-0.94552,0.88690,1.65637,-0.96849,1.33581,1.67748,-0.98949,1.73494,1.69343,-1.01951,1.83811,1.58005,-0.80681,0.21444,1.57179,-0.80448,0.12455,1.55447,-0.77846,0.10023,1.53896,-0.69730,0.11695,1.60832,-0.82911,0.09494,1.55960,-0.84080,0.10197,1.66680,-0.79144,1.85101,1.69593,-0.98649,1.83359,1.73654
" 2022, 7, 4, 11, 12, 33, 882000",-0.02841,0.99020,0.04209,-0.13010,0.27835,-0.00008,-0.04839,-0.92107,0.88984,1.62565,-0.91277,0.70764,1.60903,-0.90447,0.52543,1.59241,-0.89600,0.34325,1.57569,-0.85184,0.34637,1.56401,-0.72065,0.35565,1.52930,-0.72322,0.59725,1.55227,-0.74328,0.82470,1.50410,-0.74729,0.87019,1.49447,-0.75532,0.96117,1.47520,-0.80558,0.91380,1.49855,-0.94016,0.34012,1.58738,-1.07135,0.33084,1.62208,-1.11531,0.56906,1.63685,-1.15770,0.79813,1.65062,-1.16618,0.84394,1.65338,-1.18313,0.93557,1.65889,-1.12148,0.90044,1.64216,-0.82462,0.89657,1.60013,-0.83852,1.34544,1.62869,-0.85166,1.74459,1.65119,-0.88599,1.84988,1.54103,-1.01752,0.88312,1.65118,-1.03143,1.33200,1.67974,-1.04456,1.73114,1.70224,-1.07889,1.83644,1.59208,-0.90387,0.21022,1.54238,-0.90610,0.12099,1.52191,-0.88223,0.09640,1.50360,-0.79545,0.10788,1.56697,-0.93130,0.09204,1.52793,-0.93449,0.09554,1.63589,-0.84459,1.84254,1.69541,-1.03750,1.82910,1.74646
" 2022, 7, 4, 11, 12, 34, 15000",-0.00547,0.98256,0.05697,-0.17691,0.11218,0.00007,-0.07685,-1.01099,0.87325,1.61156,-1.01272,0.69130,1.59070,-1.01444,0.50935,1.56984,-1.01610,0.32741,1.54887,-0.97318,0.32885,1.53298,-0.84537,0.33314,1.48568,-0.82292,0.57518,1.49583,-0.82646,0.80172,1.43760,-0.82717,0.84703,1.42595,-0.82858,0.93765,1.40266,-0.88052,0.89642,1.43339,-1.05901,0.32597,1.56475,-1.18682,0.32168,1.61206,-1.21566,0.56196,1.58712,-1.24217,0.79347,1.56651,-1.24747,0.83978,1.56239,-1.25807,0.93238,1.55415,-1.20040,0.89031,1.53849,-0.91726,0.87634,1.57685,-0.91379,1.32499,1.61150,-0.91186,1.72402,1.63921,-0.95318,1.83177,1.53395,-1.10473,0.87016,1.64626,-1.10126,1.31881,1.68090,-1.09932,1.71784,1.70862,-1.14065,1.82559,1.60335,-1.03967,0.19841,1.50801,-1.05199,0.11094,1.48385,-1.03272,0.08562,1.46155,-0.93819,0.08662,1.51389,-1.07864,0.08377,1.49165,-1.06831,0.08138,1.59919,-0.89744,1.82111,1.68354,-1.08490,1.81493,1.75295
" 2022, 7, 4, 11, 12, 34, 98000",0.00621,0.97773,0.05946,-0.20118,0.00320,0.00012,-0.09273,-1.05914,0.86529,1.58791,-1.06575,0.68345,1.56707,-1.07236,0.50161,1.54624,-1.07899,0.31978,1.52531,-1.03692,0.32032,1.50727,-0.91130,0.32193,1.45340,-0.87619,0.56276,1.46822,-0.87143,0.79118,1.41564,-0.87048,0.83686,1.40512,-0.86858,0.92823,1.38409,-0.92094,0.88869,1.41663,-1.12107,0.31924,1.54336,-1.24669,0.31763,1.59723,-1.32172,0.54952,1.59048,-1.39342,0.77266,1.58507,-1.40776,0.81729,1.58398,-1.43644,0.90655,1.58182,-1.37320,0.87707,1.55954,-0.96725,0.86647,1.54850,-0.95561,1.31508,1.58185,-0.94659,1.71409,1.60841,-0.99162,1.82223,1.50508,-1.15104,0.86411,1.62732,-1.13940,1.31272,1.66068,-1.13039,1.71174,1.68724,-1.17542,1.81988,1.58390,-1.11017,0.19312,1.48227,-1.12716,0.10667,1.45730,-1.11050,0.08130,1.43304,-1.01224,0.07813,1.47789,-1.15401,0.08017,1.46657,-1.13552,0.07492,1.57291,-0.92858,1.81105,1.65171,-1.11238,1.80869,1.73053
" 2022, 7, 4, 11, 12, 34, 198000",0.02308,0.97269,0.05382,-0.22461,-0.09296,0.00023,-0.13282,-1.11829,0.86168,1.54651,-1.13094,0.67979,1.52923,-1.14359,0.49790,1.51195,-1.15632,0.31602,1.49461,-1.11520,0.31506,1.47449,-0.99246,0.31220,1.41442,-0.94155,0.55087,1.42426,-0.92535,0.77842,1.36845,-0.92211,0.82393,1.35729,-0.91563,0.91495,1.33497,-0.96863,0.87903,1.37081,-1.19744,0.31698,1.51473,-1.32017,0.31984,1.57479,-1.35352,0.55848,1.53489,-1.38581,0.78784,1.49606,-1.39227,0.83371,1.48829,-1.40519,0.92545,1.47276,-1.34851,0.88234,1.45509,-1.02848,0.85961,1.50256,-1.00743,1.30824,1.53054,-0.99016,1.70727,1.55244,-1.03830,1.81520,1.45030,-1.20809,0.86376,1.59045,-1.18703,1.31239,1.61843,-1.16976,1.71141,1.64033,-1.21791,1.81935,1.53819,-1.19547,0.19194,1.45056,-1.21645,0.10616,1.42630,-1.20240,0.08068,1.40056,-1.10095,0.07480,1.43732,-1.24309,0.08019,1.43749,-1.21623,0.07341,1.54194,-0.96835,1.80430,1.59379,-1.14796,1.80844,1.68167
" 2022, 7, 4, 11, 12, 34, 282000",0.02615,0.95745,0.05520,-0.28205,-0.18062,0.00034,-0.17536,-1.14196,0.86535,1.46978,-1.15683,0.68357,1.45312,-1.17171,0.50179,1.43646,-1.18668,0.32002,1.41974,-1.14824,0.31914,1.39488,-1.03373,0.31652,1.32080,-0.98241,0.55508,1.32203,-0.97334,0.78183,1.26241,-0.97153,0.82718,1.25048,-0.96790,0.91788,1.22664,-1.01613,0.88236,1.26889,-1.22512,0.32090,1.44461,-1.33963,0.32352,1.51868,-1.36033,0.55768,1.45322,-1.37999,0.78296,1.39064,-1.38392,0.82801,1.37812,-1.39179,0.91813,1.35309,-1.34022,0.86896,1.33586,-1.05800,0.86346,1.41548,-1.03503,1.31203,1.44291,-1.01644,1.71102,1.46445,-1.07665,1.81921,1.36923,-1.22591,0.86724,1.52408,-1.20293,1.31582,1.55151,-1.18434,1.71480,1.57304,-1.24456,1.82300,1.47783,-1.23283,0.19871,1.37475,-1.25739,0.11429,1.34915,-1.24688,0.09008,1.32064,-1.14169,0.08215,1.34412,-1.28265,0.08786,1.36229,-1.24305,0.07586,1.46212,-0.99017,1.80794,1.50336,-1.15807,1.81173,1.61196
" 2022, 7, 4, 11, 12, 34, 415000",0.02802,0.94504,0.05028,-0.32185,-0.18062,0.00041,-0.17536,-1.16069,0.86221,1.43312,-1.17632,0.68027,1.41902,-1.19195,0.49834,1.40492,-1.20768,0.31641,1.39079,-1.17145,0.31545,1.36281,-1.06427,0.31261,1.28001,-1.02937,0.55165,1.28755,-1.03987,0.77837,1.23759,-1.04197,0.82371,1.22760,-1.04617,0.91440,1.20761,-1.08819,0.87443,1.25130,-1.24391,0.31737,1.41877,-1.35109,0.32021,1.50157,-1.39374,0.55264,1.45085,-1.43452,0.77623,1.40237,-1.44268,0.82095,1.39268,-1.45899,0.91039,1.37329,-1.40697,0.86620,1.34854,-1.08157,0.86015,1.37200,-1.05661,1.30884,1.39540,-1.03643,1.70792,1.41359,-1.10443,1.81570,1.32327,-1.23982,0.86427,1.49423,-1.21486,1.31296,1.51763,-1.19468,1.71204,1.53582,-1.26268,1.81982,1.44550,-1.25692,0.19587,1.34704,-1.28231,0.11181,1.32107,-1.27381,0.08857,1.29113,-1.16697,0.08170,1.30578,-1.30605,0.08461,1.33544,-1.25830,0.07049,1.43135,-1.00703,1.80501,1.44976,-1.16528,1.80913,1.57198
" 2022, 7, 4, 11, 12, 34, 498000",0.02778,0.95013,0.04867,-0.30678,-0.18062,0.00038,-0.17536,-1.17850,0.86249,1.42021,-1.19364,0.68049,1.40639,-1.20878,0.49849,1.39258,-1.22402,0.31650,1.37873,-1.18693,0.31544,1.35191,-1.07778,0.31230,1.27301,-1.04674,0.55004,1.28336,-1.05867,0.77536,1.23504,-1.06106,0.82043,1.22538,-1.06583,0.91056,1.20605,-1.10843,0.86997,1.24770,-1.26112,0.31757,1.40555,-1.37027,0.32071,1.48445,-1.41079,0.55146,1.43245,-1.44961,0.77341,1.38266,-1.45737,0.81780,1.37270,-1.47290,0.90658,1.35278,-1.42052,0.86263,1.32993,-1.09748,0.86020,1.36164,-1.07238,1.30891,1.38444,-1.05196,1.70800,1.40207,-1.11685,1.81565,1.30933,-1.25953,0.86478,1.47877,-1.23442,1.31350,1.50157,-1.21400,1.71259,1.51921,-1.27890,1.82023,1.42646,-1.27153,0.19590,1.33329,-1.29553,0.11184,1.30600,-1.28594,0.08885,1.27618,-1.17956,0.08259,1.29412,-1.31951,0.08439,1.31945,-1.27468,0.06995,1.41671,-1.02352,1.80515,1.43886,-1.18557,1.80973,1.55600
" 2022, 7, 4, 11, 12, 34, 582000",0.02671,0.95150,0.04933,-0.30250,-0.18058,0.00036,-0.17539,-1.18154,0.86256,1.42295,-1.19631,0.68056,1.40872,-1.21108,0.49857,1.39449,-1.22595,0.31658,1.38022,-1.18861,0.31560,1.35374,-1.07945,0.31275,1.27633,-1.05203,0.54908,1.28917,-1.06647,0.77304,1.24319,-1.06936,0.81784,1.23399,-1.07513,0.90742,1.21560,-1.11730,0.86615,1.25611,-1.26330,0.31756,1.40670,-1.37246,0.32041,1.48411,-1.41017,0.54943,1.43032,-1.44629,0.76972,1.37881,-1.45351,0.81377,1.36851,-1.46796,0.90189,1.34790,-1.41603,0.85768,1.32620,-1.09998,0.86046,1.36512,-1.07564,1.30919,1.38860,-1.05588,1.70828,1.40681,-1.12006,1.81594,1.31359,-1.26309,0.86466,1.48078,-1.23875,1.31338,1.50426,-1.21899,1.71248,1.52247,-1.28317,1.82013,1.42925,-1.27290,0.19602,1.33407,-1.29654,0.11216,1.30589,-1.28667,0.08944,1.27596,-1.18043,0.08319,1.29472,-1.32059,0.08456,1.31891,-1.27653,0.06938,1.41641,-1.02790,1.80543,1.44396,-1.19102,1.80962,1.55961
" 2022, 7, 4, 11, 12, 34, 682000",0.03808,-0.54052,-0.07043,0.83751,-0.39318,0.00067,-0.29306,-1.55066,0.86676,1.31721,-1.56473,0.68596,1.29159,-1.57879,0.50516,1.26596,-1.59320,0.32448,1.23963,-1.61176,0.33197,1.19845,-1.64788,0.34652,1.11834,-1.63502,0.50328,1.14208,-1.66604,0.64728,1.18321,-1.67225,0.67609,1.19144,-1.68466,0.73369,1.20789,-1.66358,0.69867,1.23265,-1.57463,0.31700,1.28081,-1.53852,0.30245,1.36093,-1.51791,0.45908,1.37947,-1.49793,0.60967,1.39722,-1.49393,0.63979,1.40077,-1.48594,0.70003,1.40787,-1.50484,0.67578,1.37129,-1.59123,0.88267,1.22721,-1.57421,1.33054,1.26754,-1.56165,1.72862,1.30454,-1.66796,1.82702,1.36299,-1.51008,0.85085,1.40721,-1.49306,1.29871,1.44754,-1.48050,1.69680,1.48454,-1.58681,1.79520,1.54299,-1.63511,0.19506,1.22064,-1.65658,0.10802,1.20195,-1.66915,0.08897,1.17051,-1.58730,0.11201,1.10382,-1.65689,0.07485,1.22217,-1.55256,0.07201,1.25020,-1.52203,1.82852,1.29739,-1.44088,1.79669,1.47739
" 2022, 7, 4, 11, 12, 34, 815000",0.03115,-0.32181,-0.06510,0.94405,-0.59445,0.00085,-0.36639,-1.69325,0.84886,1.24895,-1.71209,0.66762,1.23050,-1.73093,0.48638,1.21205,-1.75022,0.30522,1.19328,-1.78612,0.31190,1.16565,-1.85670,0.32505,1.11133,-1.83993,0.48395,1.12766,-1.85359,0.62855,1.18015,-1.85633,0.65747,1.19065,-1.86179,0.71531,1.21165,-1.82998,0.68103,1.22350,-1.71433,0.29853,1.22090,-1.64375,0.28538,1.27523,-1.63327,0.44156,1.31122,-1.62309,0.59176,1.34570,-1.62105,0.62180,1.35260,-1.61698,0.68187,1.36639,-1.64800,0.65885,1.33748,-1.77169,0.86316,1.18859,-1.74600,1.31131,1.22021,-1.72107,1.70972,1.24561,-1.78823,1.80786,1.34689,-1.61481,0.83456,1.30930,-1.58912,1.28271,1.34092,-1.56420,1.68112,1.36632,-1.63135,1.77927,1.46760,-1.76051,0.16884,1.18049,-1.76705,0.07787,1.17229,-1.79102,0.05362,1.15365,-1.77493,0.08920,1.05290,-1.74702,0.04754,1.18600,-1.65026,0.07197,1.14453,-1.69038,1.80981,1.22031,-1.53350,1.78121,1.34102
" 2022, 7, 4, 11, 12, 34, 915000",0.02615,-0.20630,-0.06110,0.97623,-0.69661,0.00098,-0.37871,-1.84510,0.83922,1.23322,-1.86497,0.65769,1.21925,-1.88485,0.47615,1.20528,-1.90533,0.29471,1.19105,-1.94685,0.30083,1.17276,-2.04422,0.31519,1.12988,-2.02320,0.50344,1.14453,-2.02680,0.67425,1.20919,-2.02753,0.70841,1.22213,-2.02897,0.77674,1.24799,-1.98849,0.73677,1.25261,-1.86380,0.28859,1.20934,-1.76644,0.27424,1.25222,-1.74157,0.45045,1.31875,-1.71758,0.61993,1.38255,-1.71278,0.65383,1.39531,-1.70319,0.72162,1.42083,-1.74733,0.69916,1.39248,-1.93584,0.85223,1.19326,-1.90857,1.30075,1.21729,-1.88037,1.69956,1.22971,-1.92182,1.79927,1.34258,-1.75436,0.82621,1.27318,-1.72709,1.27474,1.29721,-1.69889,1.67355,1.30963,-1.74033,1.77326,1.42250,-1.92066,0.15822,1.19305,-1.92851,0.06704,1.19620,-1.95604,0.04148,1.18629,-1.96399,0.06613,1.08138,-1.90569,0.03789,1.20800,-1.82135,0.05597,1.14291,-1.85716,1.79926,1.19623,-1.67567,1.77325,1.27615
" 2022, 7, 4, 11, 12, 34, 998000",0.01299,-0.06588,-0.05698,0.99611,-0.77779,0.00092,-0.37659,-1.93152,0.83659,1.19333,-1.95199,0.65470,1.18721,-1.97247,0.47280,1.18110,-1.99325,0.29094,1.17495,-2.03833,0.29629,1.16900,-2.16239,0.31102,1.15263,-2.13703,0.53189,1.16011,-2.12257,0.73279,1.23209,-2.11967,0.77297,1.24648,-2.11389,0.85334,1.27527,-2.06624,0.80713,1.26755,-1.94817,0.28558,1.18090,-1.82411,0.27085,1.19728,-1.82461,0.47537,1.28477,-1.82505,0.67211,1.36871,-1.82514,0.71145,1.38550,-1.82532,0.79015,1.41908,-1.87585,0.75404,1.39442,-2.03000,0.84812,1.18035,-1.99866,1.29684,1.19309,-1.96856,1.69566,1.18745,-1.97659,1.79823,1.30499,-1.83303,0.82507,1.20630,-1.80170,1.27380,1.21904,-1.77160,1.67262,1.21340,-1.77962,1.77518,1.33094,-2.00468,0.15405,1.17558,-2.01123,0.06272,1.17647,-2.04056,0.03726,1.17535,-2.08425,0.06702,1.08110,-1.98582,0.03337,1.17811,-1.92916,0.05598,1.08893,-1.95585,1.79442,1.14638,-1.75889,1.77137,1.17234
